Temperature,Diffusion Coefficient (m²/s),R²
900k,1.414966e-05,0.8704
1000k,5.664751e-06,0.7921
800k,1.550677e-05,0.9209
