Temperature,Diffusion Coefficient (m²/s),R²
800K,3.005930e-08,0.0530
700K,1.091343e-08,0.0141
600K,-3.384375e-09,0.0003
