Temperature,Diffusion Coefficient (m²/s),R²
800K,-7.447905e-07,0.2632
700K,-6.826852e-08,0.0099
600K,1.023322e-05,0.9097
